epoch,time,train/box_loss,train/seg_loss,train/cls_loss,train/dfl_loss,train/sem_loss,metrics/precision(B),metrics/recall(B),metrics/mAP50(B),metrics/mAP50-95(B),metrics/precision(M),metrics/recall(M),metrics/mAP50(M),metrics/mAP50-95(M),val/box_loss,val/seg_loss,val/cls_loss,val/dfl_loss,val/sem_loss,lr/pg0,lr/pg1,lr/pg2
1,77.6733,0.84572,1.16887,2.22902,0.005,1.55474,0.70279,0.74286,0.78365,0.56703,0.70472,0.7449,0.78232,0.5845,0.95618,1.12627,1.01548,0.0074,0,0.000663793,0.000663793,0.000663793
2,131.044,1.04756,1.24894,1.11575,0.0064,1.00043,0.81553,0.71837,0.81519,0.56608,0.79893,0.70408,0.79376,0.5556,1.10052,1.47215,1.02294,0.00863,0,0.00132607,0.00132607,0.00132607
3,187.171,1.23312,1.46367,1.13231,0.00805,1.05268,0.85359,0.79716,0.88742,0.60262,0.81544,0.76122,0.83378,0.5685,1.17429,1.64798,0.76272,0.00952,0,0.00198395,0.00198395,0.00198395
4,263.464,1.19351,1.3969,0.9885,0.00783,0.91108,0.7574,0.80816,0.84064,0.55913,0.75548,0.80612,0.83811,0.56855,1.19425,1.42045,0.95257,0.00983,0,0.0019802,0.0019802,0.0019802
5,346.204,1.23543,1.49597,1.11945,0.00775,0.95565,0.80495,0.77483,0.85976,0.59118,0.79843,0.76798,0.84978,0.60314,1.18071,1.47267,0.79984,0.00962,0,0.0019736,0.0019736,0.0019736
6,432.832,1.15836,1.47115,0.96551,0.00738,0.91325,0.81752,0.80204,0.87099,0.61986,0.82482,0.80718,0.86973,0.63261,1.07295,1.24568,0.7658,0.00835,0,0.001967,0.001967,0.001967
7,519.311,1.13541,1.32668,0.92314,0.0072,0.91884,0.82912,0.86147,0.91588,0.66371,0.82886,0.8599,0.9119,0.68213,1.03254,1.17712,0.64582,0.00839,0,0.0019604,0.0019604,0.0019604
8,603.74,1.13256,1.27527,0.93526,0.00693,0.86117,0.77747,0.78367,0.85252,0.62197,0.77897,0.78571,0.85212,0.652,1.04387,1.14568,0.86841,0.00805,0,0.0019538,0.0019538,0.0019538
9,690.707,1.09979,1.22582,0.83123,0.00683,0.77017,0.68059,0.73926,0.75409,0.48704,0.68999,0.74946,0.76361,0.53309,1.28552,1.35092,1.39705,0.01068,0,0.0019472,0.0019472,0.0019472
10,776.74,1.17353,1.27312,0.89185,0.00731,0.83018,0.84061,0.88255,0.92083,0.66842,0.84782,0.87549,0.91568,0.70359,1.02836,1.1347,0.61085,0.00835,0,0.0019406,0.0019406,0.0019406
11,864.395,1.06445,1.18639,0.79815,0.00625,0.77087,0.86189,0.85306,0.93143,0.66898,0.86518,0.85127,0.92736,0.71187,1.02779,1.04399,0.62924,0.00767,0,0.001934,0.001934,0.001934
12,951.146,1.13931,1.21108,0.82132,0.00686,0.83584,0.85085,0.86327,0.92719,0.64092,0.85085,0.86327,0.9258,0.71012,1.11722,0.9927,0.70139,0.00906,0,0.0019274,0.0019274,0.0019274
13,1037.24,1.11183,1.19872,0.81846,0.00664,0.75216,0.87312,0.85669,0.92341,0.6836,0.87142,0.85753,0.9249,0.73857,0.99353,0.98683,0.60207,0.00799,0,0.0019208,0.0019208,0.0019208
14,1125.99,1.08468,1.17527,0.83877,0.00672,0.7436,0.82307,0.89239,0.92708,0.6804,0.84539,0.86122,0.92483,0.70498,1.01653,0.99502,0.65856,0.00805,0,0.0019142,0.0019142,0.0019142
15,1211.76,1.06501,1.18842,0.80418,0.0067,0.78027,0.87859,0.81429,0.90265,0.67164,0.85697,0.84082,0.9117,0.69162,0.97702,1.07803,0.65547,0.00782,0,0.0019076,0.0019076,0.0019076
16,1299.78,1.02442,1.10824,0.736,0.00616,0.59462,0.87499,0.81421,0.90781,0.67454,0.8836,0.80556,0.90514,0.73435,0.97818,0.95994,0.62569,0.00778,0,0.001901,0.001901,0.001901
17,1388.45,1.01782,1.09667,0.7549,0.00618,0.73392,0.83161,0.9,0.92715,0.67726,0.83834,0.9,0.92713,0.74627,0.99257,0.96854,0.6279,0.00774,0,0.0018944,0.0018944,0.0018944
18,1476.72,1.01338,1.07897,0.70981,0.00635,0.69974,0.86694,0.90417,0.94998,0.71739,0.86303,0.90009,0.94733,0.7576,0.92308,0.93063,0.49556,0.0071,0,0.0018878,0.0018878,0.0018878
19,1561.36,0.99805,1.07672,0.6971,0.00585,0.64548,0.87413,0.86452,0.93431,0.71419,0.88096,0.8609,0.9306,0.7425,0.90116,0.93151,0.54328,0.00703,0,0.0018812,0.0018812,0.0018812
20,1648.05,1.03708,1.13091,0.7616,0.00633,0.70264,0.85224,0.85918,0.91735,0.68733,0.85368,0.85918,0.91452,0.73377,0.9721,0.95179,0.6151,0.00782,0,0.0018746,0.0018746,0.0018746
21,1735.6,1.00066,1.05428,0.69934,0.00624,0.64187,0.86778,0.87551,0.93245,0.71793,0.87182,0.87959,0.93584,0.76727,0.87994,0.81632,0.57319,0.00691,0,0.001868,0.001868,0.001868
22,1823.13,1.00767,1.07317,0.73695,0.00616,0.66531,0.86297,0.88683,0.9423,0.71509,0.86694,0.89091,0.94312,0.77134,0.95766,0.86044,0.57106,0.00783,0,0.0018614,0.0018614,0.0018614
23,1908.31,0.98218,1.02662,0.80073,0.00589,0.72778,0.74921,0.75918,0.80871,0.58631,0.74101,0.77347,0.81807,0.6192,1.03255,1.11485,0.89206,0.00804,0,0.0018548,0.0018548,0.0018548
24,1995.62,1.04855,1.06247,0.7568,0.00639,0.69102,0.85374,0.82857,0.91792,0.69692,0.85374,0.82857,0.91364,0.72413,0.88914,0.92823,0.72547,0.00711,0,0.0018482,0.0018482,0.0018482
25,2083.45,0.98544,1.04856,0.72068,0.00574,0.63931,0.84804,0.89973,0.91839,0.70515,0.84996,0.90177,0.92397,0.74599,0.90535,0.86515,0.58405,0.00738,0,0.0018416,0.0018416,0.0018416
26,2171.66,0.98065,1.07798,0.64621,0.00571,0.65189,0.86482,0.89388,0.93988,0.6991,0.87651,0.89184,0.9411,0.72469,0.97726,0.96475,0.56947,0.00771,0,0.001835,0.001835,0.001835
27,2257.12,1.05188,1.12207,0.67018,0.00629,0.6522,0.84973,0.87959,0.92211,0.68146,0.85564,0.88571,0.92861,0.72948,0.9588,1.00234,0.63844,0.00755,0,0.0018284,0.0018284,0.0018284
28,2342.86,0.99282,1.12663,0.68152,0.00592,0.59084,0.88745,0.88163,0.94874,0.72647,0.88246,0.87959,0.94165,0.74992,0.88106,0.93753,0.52633,0.00691,0,0.0018218,0.0018218,0.0018218
29,2428.34,0.9901,1.03902,0.67612,0.00589,0.67086,0.87272,0.88163,0.93856,0.72068,0.88866,0.87958,0.95034,0.77017,0.89712,0.88516,0.48796,0.00695,0,0.0018152,0.0018152,0.0018152
30,2515.1,0.9862,1.06376,0.72153,0.006,0.73119,0.86143,0.92041,0.95568,0.72261,0.86334,0.92245,0.95655,0.75965,0.9252,0.89228,0.52691,0.00727,0,0.0018086,0.0018086,0.0018086
31,2601.55,0.94895,1.0215,0.65319,0.00566,0.58648,0.85635,0.89592,0.9421,0.72684,0.86073,0.89796,0.94462,0.79304,0.90656,0.85603,0.55554,0.00731,0,0.001802,0.001802,0.001802
32,2686.34,1.00054,1.02452,0.68907,0.0058,0.63469,0.8459,0.88163,0.93257,0.72793,0.84395,0.87959,0.93158,0.7711,0.87344,0.86063,0.78596,0.00669,0,0.0017954,0.0017954,0.0017954
33,2773.37,0.93057,0.99012,0.65246,0.0054,0.6276,0.89496,0.86938,0.9421,0.73912,0.90115,0.87446,0.94755,0.77779,0.87408,0.84207,0.51863,0.00692,0,0.0017888,0.0017888,0.0017888
34,2858.39,0.94836,1.03811,0.67586,0.00571,0.62509,0.8295,0.89184,0.91651,0.7017,0.84596,0.87423,0.92378,0.7208,0.90126,0.9217,0.69108,0.00728,0,0.0017822,0.0017822,0.0017822
35,2943.57,0.9695,1.05257,0.68527,0.00566,0.60615,0.87758,0.87782,0.93916,0.72631,0.87962,0.87986,0.94351,0.76149,0.876,0.85562,0.52097,0.00677,0,0.0017756,0.0017756,0.0017756
36,3029.75,0.91101,0.97705,0.59906,0.00521,0.50234,0.86785,0.91633,0.94983,0.74212,0.87727,0.92653,0.95657,0.78669,0.84588,0.83635,0.49171,0.00638,0,0.001769,0.001769,0.001769
37,3115.1,0.90233,0.92759,0.58877,0.0053,0.53604,0.9068,0.91633,0.96015,0.7502,0.89175,0.92245,0.96714,0.7994,0.82346,0.81642,0.48327,0.00639,0,0.0017624,0.0017624,0.0017624
38,3202.32,0.94211,0.96945,0.6506,0.00542,0.53915,0.92873,0.88163,0.9514,0.73382,0.93088,0.88367,0.95737,0.78219,0.87454,0.82262,0.48581,0.00643,0,0.0017558,0.0017558,0.0017558
39,3287.74,0.90285,0.99809,0.66056,0.00527,0.51148,0.87791,0.93673,0.96053,0.76757,0.87982,0.93878,0.96443,0.81023,0.78691,0.77232,0.41298,0.00599,0,0.0017492,0.0017492,0.0017492
40,3373.5,0.88924,0.9552,0.60183,0.0053,0.46799,0.90525,0.92653,0.96875,0.75144,0.90725,0.92857,0.97219,0.79985,0.8502,0.77797,0.48674,0.00634,0,0.0017426,0.0017426,0.0017426
41,3460.2,0.94955,0.93164,0.58469,0.00569,0.49114,0.91267,0.89574,0.95307,0.74174,0.9189,0.90186,0.96142,0.79242,0.88399,0.83497,0.4707,0.00709,0,0.001736,0.001736,0.001736
42,3545.77,0.89361,0.92738,0.56343,0.00505,0.51802,0.89118,0.91837,0.95287,0.75828,0.89232,0.92041,0.95998,0.80766,0.82154,0.79143,0.50019,0.00623,0,0.0017294,0.0017294,0.0017294
43,3631.22,0.87653,0.90487,0.57061,0.005,0.46065,0.87712,0.93469,0.96266,0.7749,0.88669,0.9449,0.9718,0.8097,0.77392,0.76931,0.43661,0.00597,0,0.0017228,0.0017228,0.0017228
44,3719.21,0.91805,0.94427,0.58229,0.00534,0.48973,0.90435,0.92245,0.96217,0.75062,0.90435,0.92245,0.96378,0.81313,0.8581,0.79015,0.46133,0.00658,0,0.0017162,0.0017162,0.0017162
45,3806.07,0.91104,0.913,0.57694,0.00532,0.486,0.88327,0.94082,0.95055,0.74475,0.8871,0.9449,0.9547,0.79329,0.88501,0.75295,0.45358,0.00697,0,0.0017096,0.0017096,0.0017096
46,3891.74,0.87266,0.91066,0.59154,0.00515,0.51147,0.89896,0.90612,0.95331,0.75952,0.90504,0.91224,0.96446,0.80978,0.81419,0.78721,0.43225,0.00641,0,0.001703,0.001703,0.001703
47,3980.42,0.8893,0.91265,0.56401,0.00523,0.43497,0.90339,0.91596,0.96244,0.76819,0.9054,0.918,0.96346,0.82573,0.8145,0.75271,0.43454,0.0061,0,0.0016964,0.0016964,0.0016964
48,4064.48,0.92264,0.92498,0.57971,0.0054,0.5253,0.89578,0.91224,0.94365,0.75441,0.89578,0.91224,0.94896,0.79303,0.81132,0.76286,0.49674,0.0063,0,0.0016898,0.0016898,0.0016898
49,4150.05,0.88835,0.91954,0.57551,0.00507,0.48201,0.92818,0.90816,0.95939,0.76143,0.9322,0.9102,0.95866,0.80697,0.80938,0.77313,0.43923,0.00626,0,0.0016832,0.0016832,0.0016832
50,4238.46,0.86151,0.90383,0.56044,0.00481,0.52253,0.88733,0.94831,0.96678,0.78693,0.88733,0.94831,0.96706,0.82138,0.75384,0.8165,0.41093,0.00555,0,0.0016766,0.0016766,0.0016766
51,4326.98,0.84758,0.89658,0.58129,0.00487,0.55925,0.90679,0.94286,0.97069,0.77494,0.91683,0.93878,0.97143,0.84025,0.80478,0.66247,0.41267,0.00598,0,0.00167,0.00167,0.00167
52,4412.71,0.86713,0.90289,0.56341,0.00491,0.48031,0.91847,0.91969,0.95916,0.76573,0.9225,0.92307,0.96318,0.82029,0.79719,0.75046,0.45934,0.00606,0,0.0016634,0.0016634,0.0016634
53,4498.67,0.84542,0.88381,0.52557,0.00485,0.40482,0.90211,0.91224,0.96326,0.76882,0.90163,0.91654,0.96669,0.82028,0.79531,0.72656,0.44319,0.00601,0,0.0016568,0.0016568,0.0016568
54,4584.49,0.86006,0.87776,0.54703,0.00497,0.47823,0.89987,0.93061,0.96403,0.77502,0.90185,0.93265,0.96613,0.82738,0.80385,0.73957,0.42826,0.0061,0,0.0016502,0.0016502,0.0016502
55,4671.37,0.86898,0.93143,0.56116,0.00492,0.47135,0.89277,0.91756,0.95758,0.75404,0.88132,0.93964,0.95788,0.81952,0.82747,0.70825,0.45275,0.0063,0,0.0016436,0.0016436,0.0016436
56,4755.17,0.85336,0.8937,0.56072,0.00483,0.44279,0.90736,0.91224,0.96076,0.78537,0.89644,0.92857,0.9631,0.82413,0.75884,0.7018,0.39795,0.00584,0,0.001637,0.001637,0.001637
57,4840.65,0.85644,0.92325,0.56606,0.00494,0.48177,0.88568,0.95306,0.96565,0.7808,0.88799,0.9546,0.96761,0.8344,0.75144,0.67111,0.40497,0.00574,0,0.0016304,0.0016304,0.0016304
58,4928.8,0.83131,0.88502,0.52467,0.00459,0.42725,0.89325,0.92217,0.9559,0.75228,0.89325,0.92217,0.95983,0.78992,0.82449,0.77993,0.47412,0.00647,0,0.0016238,0.0016238,0.0016238
59,5016.48,0.8517,0.90849,0.57556,0.00492,0.47374,0.90935,0.9213,0.96753,0.77277,0.92569,0.91525,0.97036,0.829,0.78547,0.68498,0.45973,0.00605,0,0.0016172,0.0016172,0.0016172
60,5099.65,0.83187,0.8639,0.52483,0.00494,0.43267,0.90487,0.91237,0.95935,0.77897,0.90498,0.91351,0.95987,0.82609,0.78918,0.75186,0.42013,0.00609,0,0.0016106,0.0016106,0.0016106
61,5184.55,0.81805,0.86359,0.54201,0.00464,0.50998,0.9142,0.91837,0.96638,0.78332,0.91623,0.92041,0.96721,0.83472,0.7748,0.71318,0.43263,0.00588,0,0.001604,0.001604,0.001604
62,5269.91,0.83268,0.85505,0.52407,0.00469,0.44432,0.89762,0.92245,0.95685,0.77401,0.8917,0.94082,0.96086,0.82238,0.78911,0.69376,0.44647,0.00585,0,0.0015974,0.0015974,0.0015974
63,5355.37,0.85802,0.8436,0.52707,0.00498,0.38524,0.91586,0.93469,0.96924,0.78578,0.91986,0.93878,0.97315,0.84268,0.77336,0.66419,0.41864,0.00583,0,0.0015908,0.0015908,0.0015908
64,5440.07,0.83272,0.83256,0.54648,0.00487,0.49161,0.9308,0.90582,0.96633,0.79798,0.93289,0.90787,0.97223,0.84562,0.74272,0.70637,0.37675,0.00567,0,0.0015842,0.0015842,0.0015842
65,5524.74,0.80246,0.84759,0.53678,0.00457,0.45469,0.88064,0.93357,0.95773,0.78982,0.88059,0.93307,0.95736,0.8237,0.74091,0.67995,0.42129,0.00565,0,0.0015776,0.0015776,0.0015776
66,5613,0.79574,0.84911,0.52834,0.00452,0.385,0.91245,0.93584,0.97164,0.7935,0.91245,0.93584,0.97043,0.83763,0.74059,0.69698,0.45159,0.00564,0,0.001571,0.001571,0.001571
67,5696.2,0.8515,0.87613,0.52032,0.00481,0.4466,0.8718,0.93265,0.95335,0.7735,0.87519,0.93673,0.95791,0.81554,0.76563,0.72261,0.51798,0.00606,0,0.0015644,0.0015644,0.0015644
68,5782.51,0.83072,0.85569,0.5438,0.00468,0.43188,0.88716,0.92245,0.95895,0.78895,0.89871,0.92344,0.96185,0.82624,0.75575,0.7505,0.45766,0.00582,0,0.0015578,0.0015578,0.0015578
69,5869.68,0.85085,0.89091,0.54743,0.00474,0.51875,0.90863,0.91429,0.96284,0.76979,0.91065,0.91633,0.96562,0.81221,0.77502,0.7227,0.43474,0.00597,0,0.0015512,0.0015512,0.0015512
70,5955.45,0.80765,0.8244,0.49915,0.0046,0.43764,0.90832,0.93004,0.96964,0.80027,0.91031,0.93208,0.97394,0.83641,0.72652,0.68631,0.41411,0.00547,0,0.0015446,0.0015446,0.0015446
71,6041.49,0.81659,0.87241,0.52955,0.00453,0.41677,0.94271,0.90204,0.96502,0.79358,0.94484,0.90408,0.96841,0.84431,0.72935,0.70782,0.41287,0.0057,0,0.001538,0.001538,0.001538
72,6128.15,0.78547,0.83307,0.50039,0.00451,0.46052,0.93367,0.90612,0.97123,0.79219,0.90864,0.9449,0.97497,0.85051,0.74665,0.66209,0.36816,0.00574,0,0.0015314,0.0015314,0.0015314
73,6215.65,0.78936,0.81314,0.49878,0.00435,0.41067,0.90609,0.94515,0.97389,0.80939,0.90609,0.94515,0.9722,0.84983,0.69693,0.66701,0.35242,0.00526,0,0.0015248,0.0015248,0.0015248
74,6301.75,0.82097,0.85045,0.5213,0.00464,0.4341,0.9265,0.89796,0.95994,0.78135,0.90099,0.92853,0.96276,0.83458,0.75829,0.72466,0.40685,0.00569,0,0.0015182,0.0015182,0.0015182
75,6388.28,0.79649,0.82091,0.49819,0.00437,0.35717,0.90112,0.94851,0.97343,0.80888,0.905,0.95259,0.97533,0.84911,0.69381,0.64921,0.36413,0.00546,0,0.0015116,0.0015116,0.0015116
76,6471.97,0.81882,0.853,0.50549,0.00462,0.39343,0.90194,0.95102,0.97234,0.78833,0.90581,0.9551,0.97578,0.84442,0.77762,0.70664,0.36412,0.00607,0,0.001505,0.001505,0.001505
77,6558.68,0.80293,0.83079,0.49927,0.00449,0.41373,0.91018,0.92857,0.9633,0.78701,0.91094,0.93265,0.96488,0.82908,0.75896,0.6977,0.46473,0.00572,0,0.0014984,0.0014984,0.0014984
78,6646.16,0.8039,0.84336,0.5162,0.00455,0.50064,0.88131,0.95306,0.96566,0.79998,0.88247,0.9551,0.96904,0.84598,0.71798,0.74114,0.40102,0.00534,0,0.0014918,0.0014918,0.0014918
79,6730.95,0.78639,0.84732,0.49907,0.00455,0.40177,0.8831,0.94694,0.96782,0.79897,0.8997,0.93366,0.96761,0.84182,0.71736,0.70504,0.40225,0.0056,0,0.0014852,0.0014852,0.0014852
80,6817.68,0.78944,0.81704,0.49217,0.00442,0.40246,0.9046,0.92891,0.96881,0.80525,0.9046,0.92891,0.96907,0.86203,0.72809,0.66254,0.38883,0.00553,0,0.0014786,0.0014786,0.0014786
81,6904.5,0.80484,0.83839,0.47536,0.00453,0.36874,0.9262,0.92857,0.97343,0.8194,0.932,0.92653,0.97375,0.85727,0.67906,0.70046,0.34669,0.00524,0,0.001472,0.001472,0.001472
82,6989.97,0.75958,0.77988,0.46833,0.00429,0.38108,0.92062,0.93673,0.97349,0.80911,0.92014,0.93673,0.97439,0.85477,0.74725,0.69631,0.36618,0.00571,0,0.0014654,0.0014654,0.0014654
83,7074.27,0.76948,0.79441,0.47845,0.00428,0.39063,0.89079,0.94694,0.96953,0.79772,0.88695,0.94286,0.97032,0.84215,0.72408,0.71639,0.42664,0.00556,0,0.0014588,0.0014588,0.0014588
84,7158.96,0.77883,0.82278,0.46847,0.00419,0.34387,0.93724,0.94472,0.97355,0.8056,0.93521,0.94268,0.97339,0.84317,0.7278,0.7272,0.33559,0.0055,0,0.0014522,0.0014522,0.0014522
85,7242.08,0.75926,0.79389,0.44549,0.0042,0.33506,0.90453,0.92814,0.96947,0.80296,0.91846,0.92041,0.97167,0.84662,0.73233,0.69205,0.3866,0.00536,0,0.0014456,0.0014456,0.0014456
86,7326.89,0.76789,0.81143,0.45909,0.00423,0.34281,0.90896,0.93469,0.97455,0.80554,0.91094,0.93673,0.97568,0.84942,0.71169,0.67585,0.40524,0.00546,0,0.001439,0.001439,0.001439
87,7415.54,0.76553,0.81869,0.46548,0.00419,0.37567,0.92517,0.93358,0.97186,0.80489,0.92719,0.93563,0.97374,0.84299,0.69597,0.67928,0.37048,0.00499,0,0.0014324,0.0014324,0.0014324
88,7501.05,0.7589,0.81433,0.45274,0.00416,0.3537,0.93725,0.93878,0.97303,0.81316,0.93929,0.94082,0.97988,0.85711,0.69287,0.63037,0.34591,0.00529,0,0.0014258,0.0014258,0.0014258
89,7585.97,0.77402,0.80001,0.50103,0.00435,0.40342,0.90927,0.92041,0.96213,0.78822,0.9133,0.92449,0.96565,0.84555,0.74159,0.6931,0.40898,0.00572,0,0.0014192,0.0014192,0.0014192
90,7670.66,0.75154,0.788,0.45451,0.00411,0.35744,0.91892,0.93673,0.97624,0.83135,0.92092,0.93878,0.97715,0.86074,0.63725,0.66279,0.36832,0.00466,0,0.0014126,0.0014126,0.0014126
91,7756.88,0.74928,0.76818,0.45057,0.00419,0.39165,0.9117,0.93469,0.97157,0.81442,0.91369,0.93673,0.97364,0.86283,0.70729,0.65876,0.37031,0.00538,0,0.001406,0.001406,0.001406
92,7841.23,0.77132,0.77938,0.4581,0.0043,0.34787,0.91865,0.92181,0.97248,0.8024,0.92468,0.927,0.97455,0.84531,0.74252,0.68946,0.36573,0.00561,0,0.0013994,0.0013994,0.0013994
93,7927.42,0.76792,0.77504,0.43299,0.0043,0.3251,0.89432,0.94983,0.97059,0.82048,0.89816,0.95391,0.97501,0.85488,0.67346,0.65826,0.36946,0.00508,0,0.0013928,0.0013928,0.0013928
94,8012.33,0.7492,0.77262,0.42946,0.0042,0.32723,0.92217,0.94309,0.97326,0.82216,0.92417,0.94513,0.97479,0.86073,0.67825,0.64192,0.34244,0.00509,0,0.0013862,0.0013862,0.0013862
95,8096.53,0.77887,0.80223,0.45633,0.00437,0.36328,0.93762,0.92857,0.97446,0.80998,0.93968,0.93061,0.97693,0.84086,0.69568,0.67007,0.35863,0.00523,0,0.0013796,0.0013796,0.0013796
96,8185.39,0.75267,0.83859,0.4798,0.00427,0.44901,0.92942,0.92041,0.96481,0.80391,0.93148,0.92245,0.96533,0.83315,0.67071,0.66744,0.4436,0.00497,0,0.001373,0.001373,0.001373
97,8269.09,0.7368,0.77864,0.44339,0.00412,0.37844,0.91055,0.95567,0.97562,0.8245,0.9125,0.95771,0.97792,0.86657,0.67195,0.66235,0.3319,0.0051,0,0.0013664,0.0013664,0.0013664
98,8353.42,0.71114,0.73,0.40431,0.00408,0.31262,0.94437,0.93539,0.97645,0.83388,0.94849,0.93947,0.97986,0.87119,0.66125,0.63716,0.32538,0.00491,0,0.0013598,0.0013598,0.0013598
99,8441.4,0.7545,0.77882,0.46834,0.00425,0.40297,0.92532,0.94082,0.9764,0.81284,0.92609,0.94611,0.97954,0.86382,0.70467,0.64989,0.33856,0.00532,0,0.0013532,0.0013532,0.0013532
100,8528.04,0.71562,0.75838,0.43854,0.00394,0.36365,0.9502,0.91837,0.97631,0.82791,0.9502,0.91837,0.97882,0.86995,0.68873,0.63356,0.33135,0.00508,0,0.0013466,0.0013466,0.0013466
101,8612.57,0.74587,0.79127,0.44192,0.00418,0.34409,0.94532,0.93265,0.97637,0.82829,0.92168,0.96066,0.97811,0.8651,0.64043,0.6189,0.31481,0.00477,0,0.00134,0.00134,0.00134
102,8699.05,0.74988,0.79438,0.4298,0.00404,0.31009,0.91631,0.94694,0.97621,0.83366,0.91376,0.96122,0.9789,0.8716,0.64756,0.62319,0.32245,0.00481,0,0.0013334,0.0013334,0.0013334
103,8783.92,0.71661,0.75557,0.42664,0.00404,0.32876,0.92382,0.93878,0.97486,0.83451,0.92783,0.94286,0.97971,0.87355,0.64982,0.61813,0.33009,0.00487,0,0.0013268,0.0013268,0.0013268
104,8869.8,0.74288,0.79281,0.44932,0.004,0.36243,0.91442,0.94286,0.97509,0.81802,0.9188,0.94681,0.97777,0.84717,0.68575,0.65142,0.3467,0.00512,0,0.0013202,0.0013202,0.0013202
105,8952.74,0.71032,0.77427,0.41526,0.00387,0.30975,0.91817,0.94898,0.97757,0.82639,0.92212,0.95306,0.97958,0.86375,0.67959,0.64364,0.34602,0.00515,0,0.0013136,0.0013136,0.0013136
106,9038.14,0.71698,0.75631,0.42385,0.00402,0.36138,0.9167,0.94898,0.97621,0.83404,0.9209,0.95039,0.97842,0.86876,0.65812,0.63172,0.32547,0.00493,0,0.001307,0.001307,0.001307
107,9123.64,0.71427,0.73782,0.44194,0.00395,0.40094,0.93702,0.91091,0.9717,0.8167,0.9391,0.91268,0.9741,0.8508,0.67435,0.63608,0.36196,0.00532,0,0.0013004,0.0013004,0.0013004
108,9206.42,0.70845,0.7509,0.43933,0.00383,0.33303,0.9138,0.95196,0.97752,0.83382,0.91576,0.954,0.97908,0.8691,0.66395,0.6213,0.33268,0.00502,0,0.0012938,0.0012938,0.0012938
109,9292.24,0.7235,0.7705,0.43418,0.00404,0.33395,0.92719,0.94082,0.97827,0.82911,0.93122,0.9449,0.98128,0.86321,0.67506,0.63546,0.33007,0.00513,0,0.0012872,0.0012872,0.0012872
110,9379.63,0.74182,0.75532,0.4218,0.00407,0.29732,0.93964,0.92449,0.97691,0.82476,0.93964,0.92449,0.97786,0.85059,0.68142,0.64963,0.34559,0.00541,0,0.0012806,0.0012806,0.0012806
111,9462.89,0.74441,0.78134,0.43393,0.00412,0.34085,0.92779,0.94694,0.97854,0.8309,0.92731,0.94694,0.97956,0.8693,0.66652,0.63696,0.32781,0.00507,0,0.001274,0.001274,0.001274
112,9547.81,0.71791,0.75212,0.42014,0.00404,0.35158,0.92655,0.95253,0.97824,0.8257,0.93251,0.95866,0.97952,0.86577,0.66622,0.61812,0.32126,0.0051,0,0.0012674,0.0012674,0.0012674
113,9631.46,0.71023,0.72465,0.42303,0.00397,0.34008,0.94102,0.9117,0.9765,0.81198,0.9415,0.91429,0.97699,0.86591,0.7105,0.61105,0.35471,0.00536,0,0.0012608,0.0012608,0.0012608
114,9716.59,0.71101,0.73601,0.41659,0.00399,0.32454,0.91374,0.95714,0.97598,0.826,0.91569,0.95918,0.97851,0.86118,0.6556,0.61038,0.36424,0.0049,0,0.0012542,0.0012542,0.0012542
115,9801.53,0.70427,0.74718,0.42202,0.0039,0.31222,0.92361,0.9551,0.97672,0.83167,0.92558,0.95714,0.97731,0.86551,0.6323,0.59888,0.34274,0.00472,0,0.0012476,0.0012476,0.0012476
116,9886.37,0.70377,0.74059,0.39726,0.00379,0.27708,0.94343,0.93469,0.97816,0.81714,0.94755,0.93878,0.97933,0.85664,0.65528,0.60691,0.35951,0.0049,0,0.001241,0.001241,0.001241
117,9970.69,0.69771,0.73973,0.38533,0.00382,0.30551,0.92015,0.94068,0.97785,0.82096,0.92413,0.94459,0.97939,0.86368,0.66167,0.6019,0.36692,0.00497,0,0.0012344,0.0012344,0.0012344
118,10055,0.70143,0.74069,0.40906,0.00374,0.28366,0.91014,0.95918,0.98091,0.83881,0.91304,0.96429,0.98211,0.8779,0.63857,0.59658,0.32029,0.00472,0,0.0012278,0.0012278,0.0012278
119,10143.4,0.69862,0.75801,0.40098,0.00373,0.30859,0.92002,0.94898,0.97435,0.83714,0.93894,0.93878,0.9776,0.86478,0.67203,0.66466,0.3316,0.00508,0,0.0012212,0.0012212,0.0012212
120,10227.5,0.68826,0.74318,0.38651,0.00366,0.27424,0.92802,0.94716,0.97327,0.83213,0.93201,0.95124,0.97713,0.85926,0.641,0.63707,0.3481,0.00481,0,0.0012146,0.0012146,0.0012146
121,10313.7,0.71752,0.72967,0.39779,0.00399,0.3079,0.9176,0.93265,0.97864,0.83939,0.92362,0.93878,0.98026,0.86602,0.63892,0.5973,0.3695,0.00489,0,0.001208,0.001208,0.001208
122,10398.8,0.70006,0.75465,0.42048,0.00376,0.31052,0.92756,0.93469,0.97775,0.84401,0.91752,0.95351,0.97947,0.86939,0.6169,0.59505,0.33325,0.00465,0,0.0012014,0.0012014,0.0012014
123,10483.6,0.69547,0.74546,0.40713,0.00397,0.34779,0.91749,0.97583,0.98133,0.83704,0.90922,0.97959,0.98139,0.87049,0.64675,0.60035,0.32535,0.00481,0,0.0011948,0.0011948,0.0011948
124,10571.3,0.69947,0.72031,0.41633,0.00373,0.32744,0.92299,0.95918,0.98077,0.84452,0.92495,0.96122,0.98174,0.87252,0.63071,0.60239,0.30525,0.00472,0,0.0011882,0.0011882,0.0011882
125,10657.9,0.70061,0.72987,0.40816,0.00387,0.33986,0.94721,0.93061,0.98276,0.83266,0.9119,0.96327,0.98238,0.86757,0.66058,0.61728,0.33102,0.005,0,0.0011816,0.0011816,0.0011816
126,10741.4,0.70606,0.73522,0.40863,0.00389,0.36827,0.93837,0.93223,0.97745,0.83285,0.94043,0.93428,0.97869,0.86952,0.66206,0.60004,0.34696,0.0051,0,0.001175,0.001175,0.001175
127,10828.2,0.70616,0.74284,0.42536,0.00376,0.33474,0.94105,0.93469,0.97486,0.83694,0.94061,0.93739,0.97726,0.86297,0.60707,0.60619,0.34821,0.00451,0,0.0011684,0.0011684,0.0011684
128,10913.4,0.67427,0.71701,0.3944,0.00379,0.29352,0.91323,0.96651,0.9811,0.84656,0.91515,0.96855,0.98147,0.87321,0.60765,0.58697,0.31618,0.00462,0,0.0011618,0.0011618,0.0011618
129,10999.3,0.70226,0.73295,0.40706,0.00371,0.32463,0.92789,0.97161,0.98333,0.83413,0.93135,0.96903,0.983,0.87869,0.65823,0.60596,0.30675,0.00507,0,0.0011552,0.0011552,0.0011552
130,11083.5,0.69782,0.7534,0.41035,0.00392,0.31746,0.91171,0.93878,0.97279,0.82186,0.91369,0.94082,0.97272,0.86416,0.67875,0.65634,0.35331,0.00514,0,0.0011486,0.0011486,0.0011486
131,11167.4,0.68445,0.72783,0.41628,0.00374,0.35778,0.93408,0.95432,0.98007,0.84392,0.93408,0.95432,0.97992,0.87312,0.6221,0.60824,0.31465,0.00462,0,0.001142,0.001142,0.001142
132,11252.8,0.68805,0.73133,0.40533,0.00366,0.27289,0.91227,0.94898,0.97368,0.83895,0.91423,0.95102,0.97594,0.87892,0.63319,0.64159,0.3606,0.00472,0,0.0011354,0.0011354,0.0011354
133,11341.6,0.69535,0.75178,0.40845,0.00372,0.28603,0.93456,0.93269,0.97759,0.84781,0.9364,0.93673,0.9796,0.88199,0.62359,0.58855,0.32523,0.00476,0,0.0011288,0.0011288,0.0011288
134,11428.1,0.67101,0.70336,0.3767,0.00357,0.26888,0.90146,0.97088,0.97834,0.84382,0.90715,0.977,0.98045,0.88011,0.62256,0.57378,0.31429,0.00475,0,0.0011222,0.0011222,0.0011222
135,11514.5,0.69316,0.72513,0.41705,0.00371,0.30065,0.92249,0.94723,0.97897,0.84315,0.9514,0.91892,0.97964,0.88408,0.6357,0.63724,0.29888,0.0048,0,0.0011156,0.0011156,0.0011156
136,11599.4,0.67903,0.7147,0.39092,0.00386,0.31709,0.9136,0.95918,0.97899,0.83967,0.91554,0.96122,0.98011,0.87897,0.64143,0.63915,0.30709,0.005,0,0.001109,0.001109,0.001109
137,11685.6,0.69954,0.7354,0.41438,0.00378,0.34772,0.92677,0.95102,0.97648,0.82346,0.9228,0.94694,0.97587,0.86207,0.66627,0.60343,0.35018,0.00505,0,0.0011024,0.0011024,0.0011024
138,11772.5,0.69284,0.73017,0.42452,0.00355,0.30832,0.93707,0.94205,0.97987,0.84831,0.93707,0.94205,0.97994,0.88177,0.62473,0.58127,0.31225,0.00477,0,0.0010958,0.0010958,0.0010958
139,11858.1,0.68651,0.71415,0.37411,0.00356,0.28292,0.94255,0.93759,0.98055,0.84272,0.94255,0.93759,0.98053,0.89037,0.61996,0.58145,0.30278,0.00463,0,0.0010892,0.0010892,0.0010892
140,11941.9,0.67901,0.71677,0.37425,0.00363,0.27315,0.92803,0.94733,0.9793,0.85136,0.93402,0.95345,0.98097,0.88668,0.59234,0.5675,0.29418,0.00435,0,0.0010826,0.0010826,0.0010826
141,12028.3,0.66865,0.70545,0.39047,0.00356,0.29329,0.94498,0.97143,0.98595,0.85128,0.94498,0.97143,0.98597,0.89299,0.61674,0.56191,0.29603,0.00446,0,0.001076,0.001076,0.001076
142,12114.3,0.64312,0.6799,0.37381,0.00354,0.26002,0.92109,0.97675,0.98224,0.84586,0.92302,0.97879,0.98297,0.89289,0.62606,0.57452,0.28464,0.00478,0,0.0010694,0.0010694,0.0010694
143,12199.1,0.64738,0.68244,0.34956,0.00343,0.25304,0.92593,0.9695,0.98226,0.85764,0.9325,0.96735,0.98263,0.89044,0.61479,0.54536,0.29262,0.00466,0,0.0010628,0.0010628,0.0010628
144,12283.5,0.67161,0.68261,0.37151,0.00351,0.26473,0.94478,0.96531,0.98339,0.84871,0.94678,0.96735,0.9839,0.88643,0.6194,0.56541,0.3,0.00453,0,0.0010562,0.0010562,0.0010562
145,12370.8,0.64607,0.68538,0.35907,0.00355,0.24753,0.9562,0.9449,0.98491,0.85997,0.9531,0.9449,0.98461,0.89189,0.59199,0.56056,0.28878,0.00446,0,0.0010496,0.0010496,0.0010496
146,12457.1,0.65936,0.7111,0.38669,0.00356,0.28113,0.94304,0.9449,0.98154,0.85544,0.943,0.94533,0.98168,0.88863,0.60813,0.58827,0.29831,0.00453,0,0.001043,0.001043,0.001043
147,12541.6,0.64693,0.69847,0.36572,0.00345,0.27389,0.92581,0.97143,0.98433,0.85743,0.92581,0.97143,0.98323,0.89094,0.60672,0.61883,0.28464,0.0045,0,0.0010364,0.0010364,0.0010364
148,12627.9,0.65109,0.70437,0.3628,0.00338,0.28252,0.93684,0.96868,0.98375,0.86106,0.93684,0.96868,0.98359,0.89586,0.58366,0.57754,0.27842,0.00426,0,0.0010298,0.0010298,0.0010298
149,12715.1,0.6452,0.68161,0.36184,0.00344,0.24833,0.92639,0.95033,0.9809,0.85616,0.92838,0.95237,0.98186,0.89097,0.59604,0.58426,0.29177,0.00444,0,0.0010232,0.0010232,0.0010232
150,12802.3,0.64378,0.68737,0.34021,0.00347,0.25001,0.94937,0.95675,0.98535,0.86717,0.95777,0.94898,0.98584,0.89918,0.56326,0.55866,0.29398,0.00411,0,0.0010166,0.0010166,0.0010166
151,12888.2,0.66602,0.71385,0.36771,0.00352,0.28042,0.9487,0.94343,0.98321,0.8636,0.95426,0.93878,0.98435,0.89536,0.57323,0.55492,0.27375,0.00415,0,0.00101,0.00101,0.00101
152,12974.6,0.63935,0.69478,0.35052,0.00333,0.24293,0.94967,0.96276,0.98758,0.87058,0.94473,0.97143,0.98805,0.90078,0.56435,0.54709,0.25553,0.00413,0,0.0010034,0.0010034,0.0010034
153,13060.2,0.63459,0.70307,0.35219,0.00348,0.27728,0.93491,0.96327,0.98496,0.86134,0.93491,0.96327,0.98482,0.88785,0.57888,0.57549,0.29334,0.00431,0,0.0009968,0.0009968,0.0009968
154,13144.7,0.66159,0.70629,0.37406,0.00336,0.30144,0.95493,0.9513,0.98515,0.864,0.95902,0.95517,0.98582,0.89782,0.5821,0.55406,0.30297,0.00429,0,0.0009902,0.0009902,0.0009902
155,13230,0.64577,0.68785,0.36204,0.00344,0.28312,0.95698,0.95339,0.98528,0.85792,0.96108,0.95747,0.98701,0.89968,0.60238,0.53491,0.26257,0.00452,0,0.0009836,0.0009836,0.0009836
156,13314.6,0.65153,0.6723,0.36367,0.00355,0.25957,0.93607,0.96939,0.98702,0.86346,0.94001,0.97347,0.98762,0.89496,0.57858,0.56864,0.28402,0.00425,0,0.000977,0.000977,0.000977
157,13401.8,0.62291,0.65994,0.34643,0.00333,0.25637,0.91721,0.97959,0.98574,0.87108,0.93893,0.96122,0.98636,0.90009,0.56862,0.56522,0.26909,0.00416,0,0.0009704,0.0009704,0.0009704
158,13488.2,0.64851,0.68695,0.36956,0.00356,0.26673,0.9367,0.95102,0.98516,0.87054,0.93871,0.95306,0.98588,0.89673,0.56643,0.56867,0.2913,0.00421,0,0.0009638,0.0009638,0.0009638
159,13574.9,0.65704,0.68985,0.36577,0.0034,0.25785,0.9346,0.96237,0.98268,0.85669,0.93658,0.96441,0.98327,0.88253,0.59293,0.5712,0.29195,0.00441,0,0.0009572,0.0009572,0.0009572
160,13660,0.64657,0.7013,0.35619,0.00327,0.27935,0.93831,0.96232,0.98411,0.85569,0.9403,0.96436,0.98505,0.89136,0.61243,0.59073,0.27595,0.00467,0,0.0009506,0.0009506,0.0009506
161,13748.1,0.65066,0.68989,0.35953,0.00345,0.27542,0.90815,0.96735,0.98379,0.84836,0.90639,0.96827,0.98347,0.88421,0.61707,0.62055,0.33913,0.00476,0,0.000944,0.000944,0.000944
162,13833.7,0.63786,0.69044,0.35175,0.00352,0.29112,0.93694,0.97035,0.98516,0.85923,0.93497,0.96831,0.98441,0.89144,0.59934,0.58708,0.28253,0.00438,0,0.0009374,0.0009374,0.0009374
163,13917.8,0.62625,0.68468,0.36956,0.00342,0.28847,0.94073,0.96531,0.98534,0.86276,0.94073,0.96531,0.98521,0.89152,0.56922,0.55667,0.28292,0.0042,0,0.0009308,0.0009308,0.0009308
164,14005.7,0.64504,0.68871,0.38211,0.00346,0.28466,0.93821,0.96068,0.98297,0.86342,0.93993,0.96327,0.98373,0.89206,0.58727,0.57842,0.27822,0.00441,0,0.0009242,0.0009242,0.0009242
165,14091.8,0.65173,0.70303,0.36651,0.0035,0.28341,0.9398,0.95584,0.98279,0.86348,0.9398,0.95584,0.98239,0.89091,0.58503,0.59505,0.27495,0.00437,0,0.0009176,0.0009176,0.0009176
166,14177.9,0.6333,0.69746,0.36213,0.00342,0.28965,0.93938,0.94868,0.98395,0.86413,0.9414,0.95072,0.98403,0.89763,0.5834,0.58838,0.28014,0.0043,0,0.000911,0.000911,0.000911
167,14261.8,0.63607,0.68484,0.35973,0.00341,0.27179,0.93865,0.93675,0.98187,0.85855,0.93661,0.93471,0.98148,0.88816,0.60124,0.58179,0.30904,0.00443,0,0.0009044,0.0009044,0.0009044
168,14347.5,0.63359,0.67582,0.34344,0.00334,0.26073,0.9421,0.95918,0.98583,0.86958,0.9421,0.95918,0.98547,0.89629,0.5757,0.58064,0.27463,0.00423,0,0.0008978,0.0008978,0.0008978
169,14432.6,0.6334,0.65053,0.33315,0.00337,0.27618,0.94322,0.94898,0.98398,0.85331,0.94524,0.95102,0.98479,0.89521,0.60427,0.56876,0.30037,0.00444,0,0.0008912,0.0008912,0.0008912
170,14517.5,0.63176,0.68653,0.34801,0.00334,0.26459,0.94784,0.97347,0.98605,0.86762,0.94982,0.97551,0.98571,0.89747,0.58176,0.58148,0.25746,0.00426,0,0.0008846,0.0008846,0.0008846
171,14604.9,0.63893,0.67013,0.33647,0.00343,0.25414,0.94513,0.94904,0.98372,0.85784,0.94513,0.94904,0.98349,0.8949,0.58268,0.56549,0.26804,0.00431,0,0.000878,0.000878,0.000878
172,14691.3,0.6252,0.68125,0.34691,0.00339,0.30422,0.92789,0.97158,0.98257,0.86247,0.92789,0.97158,0.97963,0.8894,0.57949,0.59363,0.28354,0.00423,0,0.0008714,0.0008714,0.0008714
173,14778.1,0.62574,0.6622,0.33554,0.00334,0.24732,0.93404,0.96531,0.98301,0.86473,0.93526,0.96735,0.98445,0.89663,0.56645,0.54574,0.27115,0.00418,0,0.0008648,0.0008648,0.0008648
174,14863.2,0.62347,0.66243,0.32195,0.00333,0.25575,0.93406,0.97143,0.98494,0.86462,0.93406,0.97143,0.9851,0.89196,0.57237,0.56515,0.29323,0.00416,0,0.0008582,0.0008582,0.0008582
175,14952.5,0.61161,0.6451,0.32943,0.00331,0.23535,0.94422,0.96733,0.98498,0.87266,0.94422,0.96733,0.98487,0.90529,0.56323,0.55528,0.26358,0.00404,0,0.0008516,0.0008516,0.0008516
176,15040.1,0.6245,0.67382,0.34412,0.00319,0.25877,0.93181,0.96531,0.98378,0.86439,0.93378,0.96735,0.98368,0.89626,0.56468,0.56708,0.29599,0.00411,0,0.000845,0.000845,0.000845
177,15127,0.61363,0.64598,0.32531,0.00331,0.24521,0.94149,0.96531,0.98377,0.87028,0.94348,0.96735,0.98362,0.89799,0.55133,0.55605,0.27806,0.00404,0,0.0008384,0.0008384,0.0008384
178,15214.9,0.62676,0.64099,0.32952,0.00332,0.23797,0.93922,0.97766,0.98479,0.86262,0.94314,0.98174,0.98637,0.89322,0.56967,0.53627,0.25422,0.00413,0,0.0008318,0.0008318,0.0008318
179,15301,0.62546,0.67521,0.3534,0.00335,0.29354,0.94855,0.96735,0.9839,0.86986,0.95255,0.97143,0.98516,0.90342,0.57311,0.54107,0.26733,0.00412,0,0.0008252,0.0008252,0.0008252
180,15387,0.61045,0.65737,0.33461,0.00325,0.23259,0.94661,0.96531,0.98328,0.87095,0.95061,0.96939,0.98412,0.89673,0.55915,0.54437,0.2639,0.004,0,0.0008186,0.0008186,0.0008186
181,15473.8,0.60693,0.64343,0.3216,0.00329,0.23349,0.93948,0.96939,0.98447,0.87338,0.9435,0.97347,0.98515,0.8987,0.53479,0.51613,0.2611,0.00389,0,0.000812,0.000812,0.000812
182,15558.7,0.60974,0.66264,0.3241,0.00306,0.24344,0.94684,0.94511,0.98648,0.88076,0.94887,0.94898,0.98653,0.90154,0.53211,0.54754,0.24987,0.00381,0,0.0008054,0.0008054,0.0008054
183,15646.6,0.61692,0.65764,0.32537,0.00333,0.26345,0.94477,0.97747,0.98586,0.87242,0.94674,0.97951,0.98624,0.90067,0.55493,0.56088,0.24965,0.00402,0,0.0007988,0.0007988,0.0007988
184,15733.6,0.62657,0.65687,0.32965,0.00335,0.24227,0.94751,0.95786,0.9856,0.8749,0.94751,0.95786,0.98549,0.9006,0.55517,0.5703,0.25879,0.00405,0,0.0007922,0.0007922,0.0007922
185,15819.4,0.60812,0.65905,0.33881,0.00319,0.27941,0.9564,0.94002,0.98596,0.87023,0.95649,0.94221,0.98665,0.89917,0.57611,0.56915,0.25427,0.00418,0,0.0007856,0.0007856,0.0007856
186,15906.2,0.61831,0.67522,0.34504,0.00311,0.26729,0.94206,0.96232,0.98444,0.86919,0.94079,0.97285,0.985,0.89487,0.56477,0.5486,0.26692,0.00403,0,0.000779,0.000779,0.000779
187,15994.7,0.60159,0.6397,0.31606,0.00313,0.24803,0.96768,0.94286,0.9861,0.88224,0.96616,0.94694,0.98711,0.90213,0.55869,0.53393,0.26919,0.00401,0,0.0007724,0.0007724,0.0007724
188,16081,0.59761,0.66415,0.31851,0.00313,0.25943,0.9317,0.96939,0.98493,0.87802,0.93562,0.97347,0.98584,0.89496,0.54092,0.5431,0.26812,0.00393,0,0.0007658,0.0007658,0.0007658
189,16168.2,0.6077,0.65236,0.31912,0.00314,0.24477,0.94701,0.96122,0.98576,0.87961,0.94902,0.96327,0.98638,0.90332,0.53398,0.51952,0.25891,0.00391,0,0.0007592,0.0007592,0.0007592
190,16255.6,0.60294,0.64611,0.31101,0.00311,0.21497,0.9393,0.97551,0.98703,0.87417,0.94127,0.97755,0.98722,0.90174,0.55414,0.52556,0.25512,0.00409,0,0.0007526,0.0007526,0.0007526
191,16341,0.59293,0.64266,0.31337,0.0031,0.22252,0.93792,0.98163,0.98651,0.8859,0.93792,0.98163,0.98651,0.91098,0.52731,0.50113,0.24786,0.00378,0,0.000746,0.000746,0.000746
192,16425.9,0.60071,0.65736,0.32916,0.00316,0.24676,0.93257,0.97551,0.98572,0.87718,0.93453,0.97755,0.98605,0.90391,0.54722,0.51549,0.26611,0.00388,0,0.0007394,0.0007394,0.0007394
193,16514.6,0.62388,0.65904,0.33264,0.00308,0.23887,0.94218,0.96327,0.98618,0.88152,0.94417,0.96531,0.98636,0.90474,0.53148,0.50516,0.24571,0.00379,0,0.0007328,0.0007328,0.0007328
194,16601.9,0.60345,0.65368,0.32897,0.00315,0.23929,0.94154,0.93878,0.98225,0.87053,0.94359,0.94082,0.98248,0.90013,0.53246,0.51553,0.31613,0.00387,0,0.0007262,0.0007262,0.0007262
195,16686.9,0.59752,0.64285,0.33441,0.00307,0.2548,0.97166,0.94286,0.98745,0.87494,0.97376,0.9449,0.98802,0.89278,0.55,0.50245,0.26856,0.00394,0,0.0007196,0.0007196,0.0007196
196,16773.6,0.57722,0.62918,0.30727,0.00309,0.23414,0.94657,0.97619,0.98663,0.87837,0.94858,0.97883,0.98689,0.90438,0.52366,0.4989,0.26121,0.00378,0,0.000713,0.000713,0.000713
197,16864.1,0.59854,0.65753,0.32253,0.00308,0.26072,0.94972,0.96122,0.98669,0.87697,0.95021,0.96122,0.98662,0.90228,0.549,0.50709,0.26474,0.00417,0,0.0007064,0.0007064,0.0007064
198,16952.4,0.5811,0.6268,0.29769,0.003,0.22523,0.94602,0.97551,0.98695,0.87907,0.94364,0.97347,0.98666,0.90749,0.52871,0.49765,0.24182,0.00381,0,0.0006998,0.0006998,0.0006998
199,17040.3,0.58058,0.6268,0.31371,0.00311,0.23012,0.93642,0.97347,0.98615,0.87476,0.92979,0.973,0.98608,0.89959,0.53082,0.53223,0.23968,0.00392,0,0.0006932,0.0006932,0.0006932
200,17126.3,0.57059,0.61163,0.30438,0.00297,0.25339,0.95766,0.97143,0.98739,0.88056,0.95967,0.97347,0.98773,0.90136,0.53384,0.50823,0.23556,0.00395,0,0.0006866,0.0006866,0.0006866
201,17210.4,0.59163,0.64902,0.31966,0.00298,0.23609,0.96497,0.94082,0.98497,0.87617,0.95766,0.94694,0.98631,0.90523,0.52595,0.49421,0.25306,0.00373,0,0.00068,0.00068,0.00068
202,17297.4,0.6022,0.64728,0.32733,0.00312,0.24291,0.94681,0.95714,0.98771,0.88099,0.95085,0.96122,0.98886,0.90953,0.55179,0.50436,0.23056,0.00406,0,0.0006734,0.0006734,0.0006734
203,17385.1,0.58311,0.6413,0.32163,0.00303,0.22679,0.94907,0.95102,0.98561,0.87728,0.95111,0.95306,0.98602,0.9071,0.54085,0.49873,0.24573,0.00392,0,0.0006668,0.0006668,0.0006668
204,17472.5,0.56326,0.60974,0.29208,0.00295,0.22619,0.96887,0.95289,0.98806,0.8835,0.96712,0.96041,0.98861,0.9064,0.54265,0.50691,0.23568,0.00389,0,0.0006602,0.0006602,0.0006602
205,17557.9,0.59076,0.64661,0.32585,0.00301,0.24507,0.9269,0.97347,0.98584,0.87236,0.93084,0.97755,0.98692,0.89783,0.54866,0.5225,0.25184,0.00397,0,0.0006536,0.0006536,0.0006536
206,17646.1,0.57579,0.62343,0.30482,0.00295,0.21926,0.92474,0.97793,0.9862,0.8779,0.92667,0.97997,0.98684,0.90202,0.52836,0.51828,0.25543,0.00382,0,0.000647,0.000647,0.000647
207,17735.7,0.57968,0.63659,0.29799,0.00293,0.21259,0.96683,0.94898,0.98562,0.87755,0.95939,0.94898,0.98694,0.90007,0.53978,0.52284,0.25572,0.00394,0,0.0006404,0.0006404,0.0006404
208,17824,0.56832,0.61814,0.29285,0.00299,0.20918,0.95857,0.95714,0.98556,0.88195,0.95832,0.95918,0.9859,0.90722,0.52786,0.514,0.25116,0.00385,0,0.0006338,0.0006338,0.0006338
209,17909.3,0.56944,0.61176,0.29045,0.00295,0.20828,0.93827,0.95918,0.98407,0.88095,0.94027,0.96122,0.98457,0.90424,0.53368,0.50748,0.25929,0.00383,0,0.0006272,0.0006272,0.0006272
210,17997.3,0.57998,0.62798,0.31098,0.00294,0.23063,0.94257,0.9449,0.98293,0.87503,0.93088,0.96205,0.98401,0.90612,0.53311,0.49703,0.25892,0.00387,0,0.0006206,0.0006206,0.0006206
211,18083.6,0.56833,0.61893,0.30002,0.00304,0.20268,0.95139,0.95102,0.9842,0.87837,0.95343,0.95306,0.98463,0.90711,0.52124,0.48456,0.24918,0.00384,0,0.000614,0.000614,0.000614
212,18171,0.56555,0.61234,0.29832,0.00286,0.19423,0.92558,0.96457,0.98367,0.88557,0.9295,0.96866,0.98493,0.90915,0.51216,0.492,0.26272,0.00369,0,0.0006074,0.0006074,0.0006074
213,18257.4,0.58314,0.65447,0.30185,0.00294,0.19539,0.93375,0.97803,0.98622,0.88503,0.93765,0.98211,0.98746,0.90377,0.51458,0.49252,0.24238,0.00376,0,0.0006008,0.0006008,0.0006008
214,18345.4,0.56481,0.61633,0.29528,0.00291,0.1893,0.95737,0.96252,0.98667,0.88675,0.95381,0.96933,0.98729,0.90707,0.51755,0.49919,0.23426,0.00376,0,0.0005942,0.0005942,0.0005942
215,18432.8,0.56551,0.62113,0.30383,0.00289,0.19902,0.96222,0.96122,0.98697,0.88734,0.96222,0.96122,0.98832,0.90839,0.52218,0.52491,0.22366,0.00382,0,0.0005876,0.0005876,0.0005876
216,18520,0.55418,0.6104,0.28253,0.00292,0.2019,0.96507,0.95859,0.98833,0.88625,0.96718,0.96327,0.98876,0.90921,0.51553,0.50014,0.23542,0.00372,0,0.000581,0.000581,0.000581
217,18606.6,0.55654,0.60946,0.30129,0.00283,0.22968,0.96307,0.95788,0.98715,0.8866,0.96717,0.96196,0.98829,0.91124,0.51661,0.50055,0.23691,0.00372,0,0.0005744,0.0005744,0.0005744
218,18693.7,0.55347,0.60835,0.29537,0.00288,0.2141,0.9444,0.96735,0.98634,0.88704,0.94639,0.96939,0.98702,0.91004,0.51742,0.50131,0.24572,0.00373,0,0.0005678,0.0005678,0.0005678
219,18782.3,0.55868,0.61978,0.2941,0.00286,0.21862,0.94402,0.97143,0.98742,0.886,0.94604,0.97347,0.98792,0.9104,0.5485,0.51937,0.23964,0.00406,0,0.0005612,0.0005612,0.0005612
220,18871.9,0.55643,0.61183,0.29743,0.00288,0.20827,0.9646,0.96327,0.98771,0.89014,0.96531,0.96549,0.9882,0.91258,0.53344,0.48793,0.23454,0.00394,0,0.0005546,0.0005546,0.0005546
221,18958.6,0.56755,0.62901,0.29953,0.00279,0.20534,0.94285,0.97634,0.98671,0.88634,0.94679,0.98038,0.98758,0.90814,0.53735,0.49989,0.24045,0.00388,0,0.000548,0.000548,0.000548
222,19046.7,0.56959,0.6232,0.28771,0.00285,0.21521,0.92445,0.97387,0.98529,0.8867,0.92469,0.97755,0.98614,0.90339,0.52521,0.48475,0.25685,0.00378,0,0.0005414,0.0005414,0.0005414
223,19133.2,0.56009,0.62149,0.28534,0.00292,0.21663,0.97048,0.94694,0.9861,0.88222,0.97202,0.94898,0.9864,0.91036,0.52995,0.48487,0.24616,0.00388,0,0.0005348,0.0005348,0.0005348
224,19216.1,0.55689,0.6075,0.29103,0.003,0.21225,0.94438,0.9702,0.98659,0.87612,0.94336,0.97347,0.98731,0.90634,0.55097,0.50038,0.26297,0.00409,0,0.0005282,0.0005282,0.0005282
225,19303.6,0.56195,0.63507,0.31287,0.00288,0.2293,0.93108,0.96501,0.98603,0.88152,0.93158,0.97347,0.98661,0.90565,0.52252,0.49019,0.27953,0.0038,0,0.0005216,0.0005216,0.0005216
226,19389.5,0.57493,0.61685,0.30212,0.00286,0.22239,0.95343,0.96327,0.98671,0.88455,0.95545,0.96531,0.98709,0.90899,0.52626,0.49508,0.24665,0.00388,0,0.000515,0.000515,0.000515
227,19478.1,0.55082,0.6121,0.29774,0.00282,0.21745,0.93609,0.97959,0.98707,0.88806,0.93804,0.98163,0.98732,0.91518,0.52814,0.49573,0.23808,0.00389,0,0.0005084,0.0005084,0.0005084
228,19562,0.55978,0.60319,0.30468,0.00292,0.23688,0.94242,0.96874,0.9865,0.88449,0.94964,0.962,0.98668,0.91216,0.53498,0.50766,0.24268,0.00388,0,0.0005018,0.0005018,0.0005018
229,19651.2,0.56412,0.60586,0.29521,0.00293,0.21851,0.94552,0.95626,0.98561,0.88049,0.93642,0.96531,0.98578,0.90924,0.54118,0.50627,0.24595,0.00398,0,0.0004952,0.0004952,0.0004952
230,19736.9,0.55451,0.5949,0.2722,0.00281,0.1849,0.95568,0.95306,0.98612,0.88685,0.95717,0.9551,0.98624,0.90988,0.5309,0.49814,0.24779,0.00389,0,0.0004886,0.0004886,0.0004886
231,19822.7,0.55433,0.60839,0.28433,0.00281,0.20708,0.96063,0.95714,0.98683,0.88358,0.96032,0.95714,0.98687,0.90894,0.51598,0.49033,0.23899,0.00371,0,0.000482,0.000482,0.000482
232,19909.9,0.54259,0.58294,0.27461,0.00285,0.2055,0.95012,0.97189,0.98769,0.88749,0.95012,0.97189,0.98769,0.91557,0.5152,0.47973,0.22188,0.00369,0,0.0004754,0.0004754,0.0004754
233,19995.5,0.56515,0.62086,0.2872,0.00298,0.20699,0.94278,0.97509,0.9866,0.88842,0.94474,0.97692,0.98694,0.91152,0.52417,0.48905,0.24167,0.0038,0,0.0004688,0.0004688,0.0004688
234,20082.8,0.56525,0.61942,0.29883,0.00289,0.21874,0.9537,0.96689,0.98559,0.88779,0.95566,0.96122,0.98533,0.91077,0.51897,0.50332,0.23826,0.00373,0,0.0004622,0.0004622,0.0004622
235,20167.1,0.5436,0.59954,0.28316,0.00283,0.20073,0.95429,0.96531,0.98723,0.88566,0.95429,0.96531,0.98723,0.91306,0.51607,0.47976,0.22958,0.00371,0,0.0004556,0.0004556,0.0004556
236,20253.1,0.55918,0.61751,0.28723,0.0029,0.2063,0.94968,0.97347,0.98717,0.88597,0.95167,0.97551,0.98742,0.9123,0.51991,0.48609,0.2294,0.00374,0,0.000449,0.000449,0.000449
237,20340.8,0.54517,0.59641,0.29188,0.00278,0.19383,0.95564,0.96731,0.98727,0.88861,0.95564,0.96731,0.98724,0.91324,0.50738,0.49736,0.22072,0.0037,0,0.0004424,0.0004424,0.0004424
238,20428.6,0.55199,0.60287,0.29367,0.00281,0.19345,0.93719,0.97143,0.98604,0.88859,0.93719,0.97143,0.98611,0.9107,0.501,0.49019,0.23046,0.00363,0,0.0004358,0.0004358,0.0004358
239,20516.3,0.54876,0.61171,0.28369,0.00275,0.187,0.95212,0.97405,0.98818,0.88429,0.95212,0.97405,0.98818,0.91292,0.51052,0.48705,0.21648,0.0037,0,0.0004292,0.0004292,0.0004292
240,20604.1,0.55219,0.60033,0.28475,0.00281,0.2032,0.94031,0.97959,0.98753,0.88424,0.93835,0.97755,0.98724,0.91164,0.51608,0.49176,0.23617,0.0037,0,0.0004226,0.0004226,0.0004226
241,20691.5,0.54122,0.60941,0.27261,0.00276,0.19317,0.96339,0.9668,0.98819,0.88907,0.96543,0.96884,0.98864,0.91449,0.50638,0.48498,0.22453,0.00369,0,0.000416,0.000416,0.000416
242,20778.4,0.54095,0.59105,0.26615,0.00276,0.20426,0.95842,0.96531,0.98828,0.88949,0.96145,0.96735,0.98865,0.91347,0.50633,0.4744,0.23466,0.00369,0,0.0004094,0.0004094,0.0004094
243,20865.6,0.54612,0.59764,0.27916,0.00273,0.20424,0.96955,0.96122,0.98825,0.8933,0.96955,0.96122,0.98825,0.91782,0.51093,0.47306,0.2356,0.00367,0,0.0004028,0.0004028,0.0004028
244,20952.1,0.5369,0.58434,0.27586,0.00275,0.1914,0.95898,0.96122,0.98658,0.88654,0.95898,0.96122,0.98671,0.9175,0.51592,0.47864,0.24337,0.00372,0,0.0003962,0.0003962,0.0003962
245,21038.9,0.54567,0.5886,0.28167,0.00283,0.20169,0.95899,0.97551,0.98857,0.89072,0.95899,0.97551,0.98857,0.91714,0.51858,0.47631,0.22934,0.00376,0,0.0003896,0.0003896,0.0003896
246,21124,0.53395,0.59074,0.27065,0.00267,0.1906,0.95055,0.98367,0.98922,0.88809,0.94858,0.98163,0.98887,0.9148,0.52701,0.4925,0.22796,0.00385,0,0.000383,0.000383,0.000383
247,21211.6,0.53849,0.60365,0.27624,0.0027,0.17371,0.94681,0.98084,0.98723,0.88598,0.94681,0.98084,0.98731,0.91111,0.5325,0.49368,0.23705,0.00391,0,0.0003764,0.0003764,0.0003764
248,21299.3,0.5282,0.59238,0.25996,0.00266,0.18213,0.95785,0.97386,0.98671,0.88444,0.95584,0.97182,0.98641,0.91524,0.53014,0.49008,0.23532,0.00389,0,0.0003698,0.0003698,0.0003698
249,21386.8,0.55221,0.60523,0.2741,0.00275,0.1961,0.93967,0.98571,0.98703,0.88713,0.93773,0.98367,0.98688,0.91798,0.51492,0.4865,0.22558,0.00378,0,0.0003632,0.0003632,0.0003632
250,21474.9,0.53864,0.60309,0.27402,0.0027,0.18954,0.95233,0.97854,0.98733,0.88789,0.95035,0.9765,0.987,0.91244,0.51204,0.49756,0.21996,0.00374,0,0.0003566,0.0003566,0.0003566
251,21558.5,0.5461,0.59605,0.27949,0.00276,0.20439,0.95419,0.97347,0.98731,0.88575,0.95219,0.97143,0.98717,0.91238,0.51294,0.48951,0.22883,0.00372,0,0.00035,0.00035,0.00035
252,21645.3,0.5324,0.59219,0.26531,0.00269,0.19083,0.94787,0.97959,0.98742,0.89027,0.9459,0.97755,0.98719,0.91866,0.51175,0.49063,0.22315,0.0037,0,0.0003434,0.0003434,0.0003434
253,21733.3,0.53384,0.59866,0.26754,0.00268,0.19283,0.96412,0.96122,0.98963,0.89355,0.96207,0.95918,0.98937,0.91797,0.50474,0.50151,0.23048,0.00363,0,0.0003368,0.0003368,0.0003368
254,21821.6,0.51853,0.56818,0.26679,0.00264,0.17701,0.96903,0.95781,0.98816,0.8936,0.96898,0.95639,0.98804,0.92095,0.49481,0.4838,0.22483,0.00357,0,0.0003302,0.0003302,0.0003302
255,21910.6,0.52324,0.59763,0.26761,0.00269,0.18166,0.94837,0.97347,0.98801,0.89517,0.94837,0.97347,0.98801,0.91778,0.49577,0.47534,0.22834,0.00357,0,0.0003236,0.0003236,0.0003236
256,21997.9,0.52295,0.58498,0.26427,0.00266,0.15821,0.94089,0.98367,0.9871,0.89054,0.94089,0.98367,0.9871,0.91605,0.49933,0.47434,0.22603,0.00357,0,0.000317,0.000317,0.000317
257,22084.1,0.52503,0.57964,0.25998,0.00269,0.20025,0.95943,0.96513,0.98863,0.89288,0.95943,0.96513,0.98854,0.9145,0.50176,0.48326,0.22312,0.00358,0,0.0003104,0.0003104,0.0003104
258,22170.9,0.52904,0.60043,0.27419,0.00269,0.1994,0.9647,0.94822,0.98763,0.89464,0.96174,0.95714,0.988,0.91655,0.50385,0.48698,0.22492,0.00367,0,0.0003038,0.0003038,0.0003038
259,22258.9,0.52721,0.59682,0.26045,0.00268,0.18161,0.95898,0.95714,0.98664,0.88891,0.95728,0.96024,0.98688,0.91521,0.49493,0.47582,0.23338,0.00357,0,0.0002972,0.0002972,0.0002972
260,22344.5,0.5338,0.58567,0.26377,0.00262,0.17457,0.96079,0.97755,0.98822,0.88981,0.96173,0.97755,0.98832,0.91393,0.49896,0.47433,0.21485,0.00355,0,0.0002906,0.0002906,0.0002906
261,22431.9,0.53776,0.59041,0.26544,0.00257,0.19529,0.96335,0.96531,0.98947,0.88988,0.96335,0.96531,0.98947,0.91583,0.50561,0.48631,0.21471,0.0036,0,0.000284,0.000284,0.000284
262,22520.8,0.53562,0.59527,0.26222,0.00258,0.18048,0.95113,0.97755,0.99067,0.89623,0.95113,0.97755,0.99067,0.91974,0.50065,0.48499,0.20933,0.0036,0,0.0002774,0.0002774,0.0002774
263,22605.8,0.51852,0.58858,0.25226,0.00263,0.18799,0.94017,0.97755,0.98765,0.8939,0.94017,0.97755,0.98761,0.91614,0.5,0.48745,0.22147,0.00361,0,0.0002708,0.0002708,0.0002708
264,22692.8,0.52136,0.58198,0.26012,0.00268,0.17904,0.95569,0.96838,0.98755,0.89175,0.95569,0.96838,0.98711,0.914,0.50623,0.51262,0.22198,0.00369,0,0.0002642,0.0002642,0.0002642
265,22781.4,0.52926,0.58401,0.26756,0.00266,0.19152,0.95823,0.96531,0.99014,0.89509,0.95823,0.96531,0.9899,0.91434,0.51082,0.50881,0.22144,0.00375,0,0.0002576,0.0002576,0.0002576
266,22867.2,0.53419,0.58942,0.2796,0.00272,0.19067,0.9485,0.97727,0.98978,0.89489,0.9485,0.97727,0.98954,0.91646,0.50494,0.50079,0.21047,0.00369,0,0.000251,0.000251,0.000251
267,22955.9,0.52353,0.57869,0.27908,0.00268,0.17898,0.94339,0.98776,0.99064,0.89715,0.94339,0.98776,0.99049,0.91885,0.50566,0.49027,0.20882,0.00367,0,0.0002444,0.0002444,0.0002444
268,23041.6,0.52148,0.57821,0.25347,0.00261,0.16961,0.9472,0.98571,0.98807,0.89567,0.9472,0.98571,0.98807,0.91791,0.50561,0.47536,0.20918,0.00372,0,0.0002378,0.0002378,0.0002378
269,23128.8,0.52472,0.58797,0.26973,0.00262,0.20721,0.95418,0.97747,0.98627,0.89373,0.95418,0.97747,0.98627,0.91376,0.50053,0.48222,0.22829,0.00361,0,0.0002312,0.0002312,0.0002312
270,23217.8,0.51733,0.58418,0.26597,0.0026,0.21003,0.95285,0.97755,0.98957,0.89697,0.95086,0.97551,0.98951,0.91874,0.50517,0.48419,0.21774,0.00369,0,0.0002246,0.0002246,0.0002246
271,23305,0.52025,0.58292,0.24996,0.00265,0.16776,0.95085,0.97347,0.98832,0.8956,0.95085,0.97347,0.98845,0.91737,0.50886,0.47724,0.22609,0.00372,0,0.000218,0.000218,0.000218
272,23389.2,0.51861,0.5796,0.26393,0.00259,0.1833,0.9446,0.97424,0.989,0.89514,0.9446,0.97424,0.98902,0.91735,0.5078,0.47958,0.22367,0.00369,0,0.0002114,0.0002114,0.0002114
273,23476.9,0.51473,0.56371,0.25018,0.0027,0.1893,0.94312,0.97755,0.98932,0.89699,0.94372,0.98163,0.98938,0.91761,0.49738,0.47325,0.22179,0.00363,0,0.0002048,0.0002048,0.0002048
274,23564.9,0.5115,0.57642,0.26589,0.00261,0.16895,0.94497,0.98123,0.98987,0.89878,0.9459,0.98163,0.98991,0.91645,0.49319,0.4759,0.22436,0.00361,0,0.0001982,0.0001982,0.0001982
275,23652.5,0.50949,0.58313,0.24709,0.00256,0.18117,0.94126,0.97959,0.98882,0.89731,0.94322,0.98163,0.98895,0.91851,0.49516,0.46995,0.22358,0.00358,0,0.0001916,0.0001916,0.0001916
276,23740.6,0.51077,0.57178,0.26558,0.00251,0.18282,0.95094,0.97143,0.99018,0.89888,0.95294,0.97347,0.99043,0.92215,0.4942,0.47272,0.21535,0.00359,0,0.000185,0.000185,0.000185
277,23828.4,0.50767,0.57379,0.25727,0.00257,0.18769,0.93312,0.98163,0.98905,0.89803,0.93742,0.97832,0.98924,0.91969,0.49006,0.47242,0.22844,0.00358,0,0.0001784,0.0001784,0.0001784
278,23917.2,0.51092,0.58841,0.25182,0.00255,0.18656,0.94765,0.97959,0.98952,0.89642,0.9516,0.98367,0.98975,0.92002,0.49521,0.46755,0.2247,0.00359,0,0.0001718,0.0001718,0.0001718
279,24006.1,0.51764,0.58507,0.25878,0.00259,0.1864,0.94296,0.98367,0.98969,0.89929,0.94714,0.98733,0.99001,0.9206,0.49345,0.47214,0.22346,0.00357,0,0.0001652,0.0001652,0.0001652
280,24092.6,0.52047,0.59153,0.25949,0.00254,0.17078,0.94959,0.97347,0.9873,0.89599,0.95112,0.97551,0.9874,0.91958,0.49549,0.47832,0.22389,0.00358,0,0.0001586,0.0001586,0.0001586
281,24179.8,0.5096,0.58926,0.2594,0.00246,0.174,0.95162,0.97347,0.98721,0.89561,0.95162,0.97347,0.98729,0.91722,0.49444,0.48251,0.21976,0.00357,0,0.000152,0.000152,0.000152
282,24268.2,0.50594,0.56762,0.24659,0.00255,0.16723,0.94198,0.98163,0.98909,0.89753,0.94198,0.98163,0.98909,0.91828,0.49845,0.48621,0.22402,0.00361,0,0.0001454,0.0001454,0.0001454
283,24355.8,0.50055,0.57872,0.24379,0.00247,0.16458,0.94678,0.9802,0.98869,0.89848,0.94678,0.9802,0.98871,0.91727,0.50088,0.487,0.21884,0.00363,0,0.0001388,0.0001388,0.0001388
284,24441.9,0.51719,0.57839,0.25799,0.00268,0.1838,0.95333,0.97959,0.98737,0.89682,0.95333,0.97959,0.98731,0.91574,0.48454,0.48807,0.22119,0.00352,0,0.0001322,0.0001322,0.0001322
285,24528.3,0.49388,0.56444,0.2404,0.00243,0.1727,0.95049,0.97949,0.98646,0.89528,0.95049,0.97949,0.98629,0.91751,0.48271,0.48799,0.22518,0.00349,0,0.0001256,0.0001256,0.0001256
286,24615.9,0.5162,0.5829,0.2537,0.00259,0.17865,0.95058,0.9813,0.987,0.89612,0.95058,0.9813,0.98691,0.91818,0.48707,0.48406,0.22363,0.00353,0,0.000119,0.000119,0.000119
287,24704.9,0.50873,0.57906,0.25312,0.00258,0.16922,0.94517,0.98163,0.98773,0.89885,0.9491,0.98571,0.98805,0.91874,0.48109,0.47396,0.21931,0.00349,0,0.0001124,0.0001124,0.0001124
288,24791.7,0.5254,0.59416,0.25746,0.00257,0.19459,0.95014,0.98163,0.98747,0.89659,0.95414,0.98571,0.98793,0.91771,0.49422,0.46979,0.22287,0.0036,0,0.0001058,0.0001058,0.0001058
289,24878,0.51575,0.58997,0.2481,0.0026,0.16661,0.95661,0.96122,0.98762,0.89791,0.95945,0.96573,0.98805,0.91731,0.48609,0.4698,0.21814,0.0035,0,9.92e-05,9.92e-05,9.92e-05
290,24966.4,0.51019,0.57874,0.25581,0.00254,0.17316,0.93247,0.9898,0.98762,0.89768,0.94846,0.97639,0.98788,0.91761,0.48175,0.47057,0.21439,0.00348,0,9.26e-05,9.26e-05,9.26e-05
291,25055.3,0.47486,0.53824,0.21014,0.0028,0.15306,0.94959,0.98163,0.98787,0.89757,0.95353,0.98571,0.98804,0.91721,0.48445,0.46905,0.21447,0.0035,0,8.6e-05,8.6e-05,8.6e-05
292,25139.1,0.47109,0.54005,0.20547,0.00271,0.15912,0.94775,0.98163,0.98773,0.89966,0.95169,0.98571,0.98795,0.91709,0.48698,0.46549,0.22199,0.00351,0,7.94e-05,7.94e-05,7.94e-05
293,25226.6,0.46091,0.53776,0.20456,0.00276,0.1466,0.94827,0.98163,0.9881,0.89774,0.95221,0.98571,0.98825,0.91921,0.48445,0.46345,0.21696,0.00347,0,7.28e-05,7.28e-05,7.28e-05
294,25313.5,0.48182,0.55398,0.21447,0.0028,0.17134,0.94718,0.98163,0.9883,0.89979,0.95057,0.98571,0.98843,0.92121,0.48046,0.46141,0.21329,0.00345,0,6.62e-05,6.62e-05,6.62e-05
295,25400.6,0.46316,0.5262,0.20139,0.0028,0.14706,0.95428,0.97976,0.98855,0.90007,0.9564,0.98494,0.98862,0.91958,0.4802,0.45995,0.213,0.00345,0,5.96e-05,5.96e-05,5.96e-05
296,25484.5,0.47845,0.53092,0.2093,0.00287,0.14943,0.94855,0.98367,0.98791,0.90002,0.94989,0.98571,0.98793,0.92225,0.47772,0.45802,0.21695,0.00342,0,5.3e-05,5.3e-05,5.3e-05
297,25570.4,0.46879,0.53565,0.21189,0.00282,0.15694,0.95151,0.98163,0.98795,0.89891,0.95348,0.98367,0.98797,0.92149,0.47733,0.45793,0.21729,0.00341,0,4.64e-05,4.64e-05,4.64e-05
298,25654.4,0.47864,0.54023,0.20551,0.00281,0.16,0.95409,0.97555,0.98804,0.90067,0.95056,0.9809,0.98806,0.9213,0.47703,0.45739,0.21432,0.00341,0,3.98e-05,3.98e-05,3.98e-05
299,25742,0.46618,0.52948,0.20967,0.00282,0.15083,0.96157,0.9703,0.98814,0.90107,0.96092,0.97347,0.98816,0.9212,0.47763,0.45705,0.2118,0.00342,0,3.32e-05,3.32e-05,3.32e-05
300,25825.7,0.47863,0.53345,0.21402,0.00284,0.16658,0.96127,0.97551,0.98803,0.89872,0.9528,0.98872,0.98816,0.92008,0.4807,0.45817,0.20707,0.00346,0,2.66e-05,2.66e-05,2.66e-05
